{
  "motor_step": {
    "fit": {
      "effective_delay_s_estimate": 0.06796800000000758,
      "rise_time_95_s": 0.06796800000000758,
      "steady_state_error_rad": -0.0015487074851989746,
      "step_amplitude_rad": 0.30000001192092896,
      "step_edge_time_s": 0.0
    },
    "source_file": "step_amp_0.30.npz"
  },
  "pendulum": {
    "derived": {
      "coulomb_friction_N_m": 6.26482063748885e-05,
      "inertia_measured_kg_m2": 4.543111833331869e-05,
      "inertia_predicted_kg_m2": 4.4473999999999995e-05,
      "viscous_friction_N_m_s": 9.587434677140517e-06
    },
    "fit": {
      "decay_constant_s_inv": 0.10778696178824165,
      "decay_constant_s_inv_all_runs": [
        0.09929951401918005,
        0.10714990611451096,
        0.10842401746197236,
        0.09856286639449181,
        0.11768131854582004,
        0.11226021954289843,
        0.07840827577066387,
        0.09891391844026827,
        0.1454038730079048,
        0.13433775185591512
      ],
      "decay_constant_s_inv_stdev": 0.01812927344233804,
      "decay_constant_visc_only_s_inv": 0.41834730156363187,
      "delta_c_per_half_cycle_rad": 0.01788839672971001,
      "delta_c_per_half_cycle_rad_all_runs": [
        0.01966585731149744,
        0.018795799064097674,
        0.014938560728179449,
        0.01795121755141151,
        0.014560446752144806,
        0.017825575908008505,
        0.02292546954032437,
        0.021083923946817053,
        0.015758944421952945,
        0.013981070790064765
      ],
      "delta_c_per_half_cycle_rad_stdev": 0.0028099375818974154,
      "envelope_rmse_combined_rad": 0.010679758513128837,
      "envelope_rmse_visc_only_rad": 0.12366822631586953,
      "initial_amplitude_rad": 1.6032653275715567,
      "mean_pair_amplitude_rad": 0.37905812315352677,
      "median_run_index": 5,
      "n_extrema_used": 28,
      "n_runs": 10,
      "omega_d_rad_s": 12.240910551029089,
      "omega_d_rad_s_all_runs": [
        12.237700932437473,
        12.2700028533398,
        12.252139277438232,
        12.566370614359172,
        12.099473292059457,
        12.242417415030543,
        12.216173636731163,
        12.184586891589598,
        12.239403687027634,
        12.334482346526302
      ],
      "omega_d_rad_s_stdev": 0.11575706103480328,
      "omega_n_rad_s": 12.241599729418503,
      "omega_n_rad_s_all_runs": [
        12.238103795329792,
        12.270470696894526,
        12.25261901151371,
        12.566757141604258,
        12.10004557173215,
        12.242932104718008,
        12.216425261936276,
        12.184988374305421,
        12.240267354119,
        12.335213876878775
      ],
      "omega_n_rad_s_stdev": 0.11574261747293704,
      "omega_n_small_amp_rad_s": 12.416720229225344,
      "omega_n_small_amp_rad_s_all_runs": [
        12.422652537403595,
        12.418654435098118,
        12.431386850245397,
        12.768430891607155,
        12.266092607336702,
        12.39451800302156,
        12.37047393011863,
        12.339241422426099,
        12.414786023352573,
        12.480277302823572
      ],
      "omega_n_small_amp_rad_s_stdev": 0.1254512677160944,
      "period_s": 0.5132939560501324,
      "period_s_all_runs": [
        0.5134285714177947,
        0.5120769230684695,
        0.5128235294182292,
        0.5,
        0.5192941176458535,
        0.5132307692323453,
        0.5143333333350407,
        0.5156666666734964,
        0.5133571428679196,
        0.5093999999885758
      ],
      "period_s_stdev": 0.0047710652292475425,
      "r_per_half_cycle": 0.9727600568678234,
      "r_per_half_cycle_all_runs": [
        0.9748305637914046,
        0.9729384107389775,
        0.9725817029966695,
        0.9756603876471891,
        0.9699064957755172,
        0.9716032863833125,
        0.9800379388848094,
        0.9748191568859255,
        0.9633658253219775,
        0.9663629164689748
      ],
      "r_per_half_cycle_stdev": 0.004534397885861297,
      "rest_angle_rad": -0.003851186538580805,
      "small_amp_period_s": 0.5060261762889899,
      "small_amp_period_s_all_runs": [
        0.5057845164920638,
        0.5059473504167881,
        0.5054291514591194,
        0.49208750554538383,
        0.5122401654966662,
        0.5069326056606525,
        0.5079179134666615,
        0.5092035314067311,
        0.5061050021611917,
        0.5034491746235528
      ],
      "small_amp_period_s_stdev": 0.005017934957821743,
      "zeta": 0.008790693500343606,
      "zeta_all_runs": [
        0.008113962398086046,
        0.008732338698435507,
        0.008849048302251705,
        0.007843142449867491,
        0.009725692175965391,
        0.009169390027053827,
        0.006418266726107432,
        0.008117686730735731,
        0.011879141917514949,
        0.010890589591455637
      ],
      "zeta_stdev": 0.0014857302960966368
    }
  },
  "run_meta": {
    "collected_at": "2026-06-28T16:04:07",
    "firmware": "LowLevelServer.ino",
    "fitted_at": "2026-06-28T16:10:33",
    "hanging_zero_rad": 0.01840776577591896,
    "in_dir": "sysid_runs/2026-06-28_160344",
    "n_free_swing_runs": 10,
    "wizard_version": "2026-05-20"
  }
}